"NCBIanno","r.squared","Intercept","Firmicutes.coef","Actinobacter.coef","BF.indicator","Firm.coef.p","Actino.coef.p","BF.coef.p"
"AA883347.1",0.769133115256751,4.62126694968076,2.25949067381342,1.07126320216430,1.07408279361442,0.0199419006676519,0.0140626741023344,0.00459485895913428
"BC015142.1",0.693238022371171,-0.890272549771524,15.7605556108708,7.09601165914802,7.14354694987405,0.0331269140825115,0.0296782582369916,0.0107641175539801
"AA992205.1",0.697027400453369,-0.354890671419303,12.8729290051140,7.41249007469758,5.9294356782214,0.0491326739924278,0.0166897798283127,0.0162832034671296
"AB007975.1",0.607331814704365,4.733250579051,2.68896016011929,1.40486229805835,0.976270290500808,0.0482590620877994,0.0246399513687036,0.0415316486795029
"AK095266.1",0.733958619339891,5.3351356264893,2.44612717130893,1.05057127588938,1.15571722179505,0.0253246640832569,0.0273308947780339,0.00634499796895835
"BQ710700.1",0.709469595857603,-0.224210173976975,11.4394574801774,5.73744617609208,4.99426075987151,0.0290853768741013,0.0164888756718427,0.0109708538173897
"CR612843.1",0.80384241103674,2.89514791245461,4.69445272326277,1.74880507858369,2.10389775174759,0.0066822154153508,0.0143032110530587,0.00176020237923843
"BC011242.1",0.682570425865339,-0.0754921950622592,15.6359972522987,6.5063557730149,7.28602204546396,0.0373945372277066,0.0449852291807873,0.0109815342039470
"BC039614.1",0.728283906643474,11.0196008359889,-7.11724885058223,-2.07312303157496,-1.71009817469816,0.00653569052367883,0.0385094974181300,0.0335744161703812
"AI286165.1",0.833221772299832,4.00889650472616,3.04833125270394,1.33988536190094,1.07626608097960,0.00206819552298265,0.00202023900322264,0.00191366315784237
"NM_006030.2",0.84414011692571,5.34167909831059,3.03608785270515,1.25231450632468,1.52926293741453,0.0181591866737068,0.0183892211661433,0.00266264590905059
"AA903230.1",0.679795028342818,-0.370837077153243,17.2145147875048,7.34927930963401,7.34409674328304,0.0275379029914298,0.0303863767070292,0.0114555231104026
"AW168103.1",0.736479879573488,1.24658578396967,8.01722228743166,4.40626204411072,3.63224887505345,0.0298603505139653,0.0112459495959676,0.00951142574293663
"BX108258.1",0.799684083483205,4.23761989955525,2.80583924402891,2.31711429651074,1.02578178238828,0.0296222744470594,0.00134116498565585,0.024346449234901
"AJ406941.1",0.621443151371925,4.95148019169626,1.98950696796867,0.846659877975805,0.77102233882327,0.03349300784922,0.0372520998303994,0.0218020102817486
"AI379899.1",0.769793641515338,5.47557778949043,1.62479588300475,0.850321009139388,0.912655559251015,0.0481061987473853,0.0243800496248045,0.00623204554000869
"AF075065.1",0.677655644243627,0.440066419643893,17.9118423853476,7.54967107072497,7.41401964908459,0.024703978399189,0.0287465511894022,0.0116334138198896
"BM988783.1",0.687940701182746,-1.51251352801583,16.5046223156503,7.3869400618945,7.5329060183149,0.0354522408353862,0.0325533919274049,0.0113214326967831
"NM_002500.1",0.806658784255416,5.45947388958053,1.47560337774431,0.654423803695973,0.85691318591082,0.0331395713658028,0.0314935618148356,0.00310613547175950
"NM_005994.3",0.799874444730282,5.10614268368982,1.89019794307951,0.890212345894791,1.11179397518863,0.0399145582279853,0.030213157040727,0.00377235496804116
"AK057616.1",0.900187979802136,4.60967579373957,2.42833435060188,0.972066436879178,1.56646627576032,0.0115611142552272,0.0172574358005298,0.000409755282232574
"AK024214.1",0.706816975068754,-0.389724901401386,12.1881588676683,6.05444497670598,5.90273496050758,0.0433977242913123,0.0267860355253277,0.0110825096223403
"AI219774.1",0.912184218577838,4.85144390712833,1.83368848627183,0.678156891933369,1.42237873775098,0.0265384085805543,0.0499274854392842,0.000429243409804749
"AK058158.1",0.759862150675817,11.7726897121175,-8.41688656980914,-3.40292926470577,-2.12956573686733,0.00629170345350347,0.0092639745197319,0.0266015542082618
"NM_001235.2",0.885186936939102,4.37263146501251,4.17895031766035,0.936962684945816,1.78837791679360,0.000611411774165809,0.0195966153409987,0.000173143557360189
"NM_000507.2",0.588804657464875,3.2139354242574,5.72247124913853,2.80868408242919,1.93964372291980,0.0454418830950512,0.02956738657214,0.0499365221169395
"AK095619.1",0.698518616049036,-0.0915668850515521,12.2384900095931,6.41326108624822,5.81262768280514,0.0464310287771806,0.0232696321618165,0.0132193292847431
"AA018367.1",0.636776719681425,1.01287637804784,16.0085853037211,6.96692738651098,7.13557289609741,0.0475838015472182,0.0485458793122766,0.0180536720054617
"AI862231.1",0.780373784720593,5.05051426331878,3.21630431858957,1.12271400991929,1.56832030441893,0.0145253676859118,0.0368401443396736,0.00273617918831246
"AA528003.1",0.711797639493733,-0.46967610327887,13.2891396970516,6.88604459438895,6.6180094335333,0.048885975889442,0.0258624288442486,0.0113753221668194
"AI127491.1",0.686786355007203,5.50979218115524,1.53567650431514,0.926540956825383,0.540653917675677,0.0348501899330361,0.00874482492565418,0.0333950113935052
"AW515836.1",0.690785739114098,-1.35988921971155,17.2714037391419,7.78460782100959,7.50233765449743,0.0287427562957514,0.0255538820461957,0.0110766167853999
"AI884383.1",0.749691451111464,1.93279409390571,5.9002059398433,3.28094898758304,2.81345867186746,0.0483341221814617,0.0217087350184737,0.0158183971718230
"INCYTE UNIQUE",0.820874499107771,4.30393392981696,2.68745028300741,1.85773470797672,1.02644261130047,0.012429625321419,0.00115539596006124,0.00803286459235658
"INCYTE UNIQUE",0.691107445114205,5.09456303593395,1.92181742930167,0.941484751226513,0.91709284801565,0.0460139733070406,0.0302009167598888,0.0127892523521275
"BE835011.1",0.735093064468677,4.94777473441496,1.90782484972604,1.08979536119844,0.943691375682704,0.0442384223413440,0.0151738062154031,0.0102937753441489
"BI462501.1",0.929468579751098,6.90312860089603,1.42355676245421,-0.657209500348606,1.10555825298926,0.0266859851292299,0.0214385304477343,0.00042973235927878
"AW969855.1",0.749917957581135,3.84180642670375,3.22751389988356,1.63740189699462,1.22487671029477,0.0127682919130602,0.00630847513858901,0.00852315615802878
"N67756.1",0.781489843019235,3.24171187276575,4.0499322660291,2.35917639002496,2.24413262661505,0.0450567038314865,0.0142250310509473,0.00608187781461674
"AU146580.1",0.753978122234963,3.55468814095366,4.64512019551156,1.65554642864177,2.24695750515052,0.0194295037420992,0.0435997824370021,0.00406660279342736
"AK097575.1",0.869308132337702,4.77410488181716,2.54913620155820,1.21343214518200,1.01418341437963,0.00161956474178668,0.00100305499567060,0.000751278039937762
"BX093963.1",0.901876614428495,5.5236799257367,1.73317961259447,0.482699572037015,0.79229010335227,0.000653942461065605,0.00765794444714744,0.000122732877672640
"H15153.1",0.905125404547256,4.51474066441299,2.5608541099473,0.629699945745394,1.34389224093252,0.00175268525956743,0.0283818491103200,0.000151171745811936
"BX090838.1",0.892300082540375,5.68390939829869,1.45524932263718,0.675500182091188,0.855141924473573,0.00828885250839717,0.00620997261334406,0.000470523113868551
"BF515619.1",0.771904376603335,4.9994827839759,1.82507747115241,0.861910795854859,0.975924655413302,0.0340321217659633,0.0252195072432338,0.00495951216474719
"NM_053050.2",0.767998761039097,-2.97493481320627,19.7402392592449,5.69882961571929,7.50098769090295,0.00983981902735695,0.0408655353212937,0.00515687975194051
"AA397442.1",0.708159938193329,-0.235198522777801,12.1774807247279,6.16423804182771,5.66498450324469,0.0376245763768497,0.0211290224833423,0.0111517845022573
"AL832995.1",0.754245815278437,4.43267024165479,5.41833750050843,1.90297775592793,2.45938145148101,0.0134345473002855,0.0337045926513250,0.00365547295848223
"NM_005346.3",0.801258453981334,0.725375802923843,7.50646429774471,4.23747802077281,4.10816449808052,0.0329048932117935,0.0111525501677011,0.0042051433458139
"NM_014389.1",0.749583079655333,4.0417370526832,2.90871179983597,1.19768259398848,1.38609737812173,0.0213368290797590,0.0273999800542170,0.00492667659838939
"CN345660.1",0.673896457225244,4.33234112628853,2.35246817382521,0.953416478899867,0.997231085805438,0.0264967185671360,0.0357679283895902,0.0112852816406346
"BC042989.1",0.760558744531355,-0.382270372125464,12.9355864374528,4.49994680971903,5.4598611685038,0.00837327671973715,0.0234200581528211,0.00314343462979294
"BI464964.1",0.760023870668806,4.83864415834591,3.99561457101687,1.50993632520716,1.93999556734803,0.0233998472305175,0.0444592249245693,0.00676195816650437
"AW968210.1",0.656011633411645,4.32960367031134,3.81510542626564,1.52969946479674,1.12863514312860,0.0167691147776731,0.0242991828105343,0.0327581909596712
"AL049966.1",0.734322415725262,0.685980417244572,10.0559776706958,5.42287848476437,5.17653315119565,0.0480124515684111,0.0214851651039766,0.00950673946099278
"AF086350.1",0.738493858898284,1.22334544966675,7.48927373097123,4.24731190792763,3.336580748422,0.0293797094848443,0.00951986965022585,0.0100981213047720
"AL832759.1",0.724790571550361,-0.140427951627013,11.1394722107905,5.47330409147076,5.41039285837086,0.0368144722176769,0.0233460742740011,0.00885292996959821
"AB032966.2",0.878755723800133,5.65650719125811,2.39406052341889,1.10878204933551,1.24347876920511,0.0188153377603366,0.0166037304841126,0.00187028902334466
"BU569836.1",0.693474384097297,1.92690047215279,6.5387665855082,2.63445400143309,3.03723999074966,0.0324390447537207,0.0441634852761239,0.00934709417158065
"AK025217.1",0.680234100474067,-0.667086110420396,15.7712670397405,6.70062183573246,7.50244722650718,0.0425642347607722,0.0473401649598017,0.0117456323816677
"NM_006377.2",0.572964009628686,0.896813456529365,9.7919737197034,4.05741139747835,3.32904572065988,0.0374605189175742,0.0457447362127141,0.0409007552095981
"AV704779.1",0.686062091203587,-0.86176049174219,15.3795999290658,7.50227466020121,6.98179628616025,0.0395618327803459,0.0260201645034417,0.0132750362912570
"H80547.1",0.683678094978923,-0.182340603076627,12.7961578017015,7.31052224969729,5.71735321376636,0.0493923738119747,0.0173862397638793,0.0187057434320464
"AW054710.1",0.652720004055364,-0.0263385933861238,18.2846890357293,7.69254742378708,7.69721732747498,0.0326629820204629,0.0379454801442844,0.0148308568004538
"AI281465.1",0.659293066971308,-0.990036864414793,15.4729470322929,7.07842673828427,7.1227689701002,0.047747999305859,0.0407361271766615,0.0157508022644357
"BC016014.1",0.773430339171005,-1.03104283531825,14.9029190399442,7.32251666797001,7.05439900327074,0.0229558997484612,0.0161938455487802,0.00742353020704104
"AF086242.1",0.677171351053453,-0.258232671149993,12.3887831941788,5.98802555420721,5.79307196609892,0.0469552076921777,0.03253816199141,0.0143843789072025
"BQ438599.1",0.856480354819628,5.80869866660259,1.43976431316967,0.736472143240774,0.821450195169082,0.0161770784065505,0.00785853183867707,0.00130892321896168
"AW014360.1",0.746450913940502,-0.212475789658778,12.6398048002134,6.75594560337351,5.1135269551811,0.0486516609466092,0.0261828746033859,0.0310609990050388
"BX648921.1",0.619879197570531,4.31712698348242,2.71073463354280,1.28765569545792,0.966092172805374,0.0351787830471522,0.0255160349496431,0.0321634012007519
"AK123042.1",0.833604169283465,4.89708021210386,3.46440336230625,1.92891908497998,1.65047013504788,0.0106581997680345,0.00318886778259840,0.00214723791037824
"AK021686.1",0.699822340982238,0.67733207174251,11.9102102767132,6.22622328374672,5.68243888189715,0.0465327915544707,0.0235616511534059,0.0129861297067309
"AY129017.1",0.739218322377777,2.05342820188882,5.33421228676208,3.84514468252279,2.32950112522216,0.0474738467294409,0.00551433005942063,0.0196523692910081
"AI298921.1",0.690635261452865,0.107482256145492,12.5810098103133,6.38126961784465,5.97346216809343,0.0473781839873873,0.0271916067185479,0.0135842630085321
"AA815073.1",0.767939387258037,11.4425427773060,-6.50813624707975,-3.47617213633294,-1.54069176092969,0.0196973851062348,0.0130147965853491,0.0497909092399853
"AI332676.1",0.678054558470321,-0.241416077304995,17.0126275411588,7.32219794863695,7.59028138806749,0.0336453391969539,0.0358628604317348,0.0118015730359286
"BM981968.1",0.779734089252591,3.71668223469276,4.32347486301076,1.46883363463334,1.78707143571332,0.00562337388680372,0.0184243381258205,0.00227555213348987
"AK025552.1",0.703242884396973,-0.257953698565606,11.4800615120751,6.02302679846194,5.21617444121991,0.0381521608675207,0.0184365437817822,0.0126456499949349
"AL832704.1",0.816121774909888,4.65763950828236,3.68274192375526,1.35448112962362,1.84471554930147,0.0107022340429901,0.0230371589659822,0.00163264948889797
"NM_000638.2",0.665215653839086,4.11135372178428,3.16065462649192,1.07492192154496,1.19663755175304,0.0155603374917591,0.0429302697841247,0.0106240596558852
"AI608909.1",0.689038433069792,-1.07800830397524,15.0863415014176,6.91891419826451,7.11389537065935,0.0412767989969875,0.0346789766476889,0.0117639273488204
"NM_005221.4",0.655500172690071,4.836216558984,1.91672639002312,0.936196610393888,0.649332555318856,0.0261877987735502,0.0165037188893478,0.0292026275428650
"NM_005219.2",0.896558497065975,2.4284879911402,6.43786259746988,2.69171186231619,2.46675684583846,0.000996539707150726,0.00332118256046036,0.00058130628423402
"AW292981.1",0.705361710971977,0.919354862703041,9.09340584768539,4.75390494510449,4.22803109788393,0.0403908954343579,0.0199943499638843,0.0122131159278434
"W04553.1",0.73447251987158,1.43908412251558,7.94296664582852,4.49889087552749,3.74381455602149,0.0369016744344881,0.0126198530548445,0.0102383339168484
"BU568327.1",0.821692599039674,3.58120923884625,5.57159200885957,1.88357187226362,2.65707799280102,0.00668978288676237,0.0217960267364069,0.00124044576660322
"AW083777.1",0.699338290415888,-0.99274876524716,14.7149313199166,6.64663488556693,6.90985772776761,0.0364332408494263,0.0323105793365594,0.0102542241518303
"AW574823.1",0.692194493192701,-3.88627051549979,23.2124748579887,7.85598028788232,10.3573693247844,0.0418148567134556,0.0394544648040712,0.0210191711822993
"NM_153363.1",0.825607369913771,4.03061335889888,3.09289086125735,2.59659490286202,1.10995924405693,0.0274129881376188,0.0019600853496821,0.0270619725675719
"INCYTE UNIQUE",0.725221329541847,4.62969774061532,1.85927635155461,1.03054583665986,0.721590110320136,0.0221057395860235,0.00758285248794243,0.0138005231902498
"AF246230.1",0.727516184372641,-0.77734341318433,12.1741442334805,6.28435748897549,6.10376778095281,0.0435261187032005,0.0229794882208467,0.00945368507688154
"AK024887.1",0.72703955725072,-0.63936524093108,11.9341923118298,5.85173966832005,5.7732844184096,0.0353466775271898,0.0225170139361283,0.0085686224862965
"CA867951.1",0.819716098176887,3.19835909011558,3.98432089194805,2.43332789607011,1.80176842424730,0.0132927113717988,0.00250941350371602,0.00368202954252485
"AJ606328.1",0.722125353986928,0.658671412528945,9.42553369187262,5.22910112938532,4.1601939888083,0.0321216383306128,0.0117428501913924,0.0117326777443216
"NM_002157.1",0.701408840155912,-3.19328813683369,16.5392847228587,7.50551522040059,8.0850430608596,0.0426829287249745,0.0373646660812804,0.0103848502247475
"AW073995.1",0.730450947048509,-0.320128601150887,11.0277416745945,5.81677758371352,5.3761074994382,0.0389394046807426,0.0184482752324646,0.00934493269609137
"N29850.1",0.686914607556432,-0.412827351516326,13.3490602159568,6.09632168516824,6.42208102891308,0.0454094719470781,0.0389097469205005,0.0121156643064011
"AI967927.1",0.729533154777314,0.235145101450382,13.9285094624408,5.88633524183512,6.44349823256729,0.0235749686954498,0.0271805809840568,0.00645880208733047
"NM_001200.1",0.79246645095868,1.92893582263964,7.90157690731972,2.53385437963465,3.70192819220454,0.00909274372155197,0.0346164855850063,0.00195586761265594
"INCYTE UNIQUE",0.735202472041207,5.35564740644231,2.31625154766907,0.983537964527205,1.12846572548512,0.0286396698078901,0.0322443374930419,0.00634411166351316
"NM_024861.1",0.749939878381529,4.33424213735694,3.4500358363036,1.49730754310329,1.90265429723287,0.0462742256388135,0.0476793575922431,0.00646489977415769
"CR749413.1",0.693977381940977,5.72460483206636,2.63325175788124,1.21581996845271,1.28054240877192,0.0452873719787213,0.0372493453746102,0.0114889526031790
"NM_002568.3",0.836811679196764,2.85572073034084,6.37648395921761,1.74859247897362,2.55108553243026,0.00143532280127861,0.0154665412115375,0.000640544830335371
"R59091.1",0.768272093473406,6.70178407631244,1.83443127794494,0.747119574447542,0.789194459340283,0.0101100611118631,0.0140807820305087,0.00350455722815366
"BC011648.2",0.722306816314262,0.065780438342935,10.3746199090656,4.97163551827412,5.16518868832506,0.0406448005432246,0.0287699112510539,0.00893535485635821
"BE043544.1",0.702322450574965,-0.868760072637256,16.8570225978448,6.82819120341394,7.54177397181597,0.0253522876686841,0.0343864217731129,0.00830201230950317
"R63743.1",0.687602660427451,3.72884074157350,4.99370799374886,1.60801599571874,1.9202172701046,0.0122601212066868,0.0431978628055128,0.0076608998602869
"BC017828.1",0.676746757712047,0.0603843360337786,15.048911949115,7.41665844232202,6.51709478390998,0.0369667068196976,0.0231603786105712,0.0151129971248425
"AA709148.1",0.749301114648994,1.81492626025199,7.42533329505268,4.04154936728367,3.84570743006749,0.0433008886814632,0.0182617212315323,0.0080340244704922
"AA872567.1",0.763459677296046,-0.249154131142492,11.0633846510488,5.31078386252849,5.40403005877824,0.0246041756547394,0.0166477224177576,0.00517704791186204
"AK054812.1",0.67955443070955,-1.14094835042191,15.2998058602244,6.7633474223559,6.4232677699837,0.0273765208030276,0.0263062654441623,0.0122517279975871
"AA436084.1",0.744854278518081,-1.32772389875059,13.5081900732155,6.12558506726269,5.94589555177063,0.017555265760679,0.015025140345746,0.0058435626755548
"BM542567.1",0.90306990140729,6.1745744456445,2.18916972547425,1.04531039372545,1.71080199430428,0.0362023091296232,0.0257655268188095,0.000661706563306648
"AW575086.1",0.681520049383573,4.56756035780001,2.95926737101213,1.46292258487179,1.30741642870456,0.0381179644835346,0.0236562585849544,0.0143394593469589
"AK023865.1",0.791972755182026,1.33739668343609,7.33626712556699,4.30042286228855,3.1884733552723,0.0156243712154708,0.00378999428046555,0.0054471094525122
"AA421760.1",0.69321981460329,0.346737956658445,9.59895220306546,4.92982358574183,4.31844561407618,0.0389212991893647,0.0206576579367748,0.0135546347635744
"AI821745.1",0.89581022559004,5.62327084667634,1.15993433007866,0.394624684318188,0.643419664543046,0.00405813581489254,0.0138419100129334,0.000281381173238986
"BC034941.1",0.720449863464153,-0.288111841402981,12.5232005515077,6.09987526017456,6.31871260061204,0.0445476520829605,0.0298091064771535,0.00945879339087107
"CB998838.1",0.68605551852809,-0.626805370668077,13.2305146930901,5.88423342498283,6.53133557172981,0.0496329814946382,0.0469207372134221,0.0120842690552169
"BC038455.1",0.675565620013187,-0.645287010411853,15.6296987680198,7.06961452267236,7.17420104361822,0.0408455677699811,0.0361485100107964,0.0131333876394608
"BI037190.1",0.824881940321156,1.33100396687828,6.94518173520121,5.56219917623024,3.42311354785501,0.0368559246962861,0.00314721767423217,0.0108945844631328
"BQ007080.1",0.803388709100992,5.0384366876958,3.17188123924454,1.79655749632884,1.55939734558243,0.0199502205186183,0.00603831115901546,0.00385950016595377
"AI401580.1",0.738711461145309,-0.528208224622067,11.2263691974736,5.80324221804383,5.42476736574492,0.0337269355334460,0.0170660591094412,0.00811787046342291
"AF244577.1",0.781332409313305,4.69195686970726,2.27945746503331,0.857085074157135,1.03496364105162,0.010113044974629,0.0199660692556022,0.00262679705021165
"BM768581.1",0.64546018283532,-1.14445451943259,13.5126464575092,5.87356209414596,6.12517660994933,0.0473332612687011,0.0484977000684201,0.0166728175554330
"AA825581.1",0.673600879987981,-0.630892669202467,16.4356387420776,7.39343290642,7.28281943952488,0.0360088455229214,0.0324351490318530,0.0132132779837207
"AI821706.1",0.948138133418936,4.45974084668123,2.40399448822663,1.00725095427950,0.974885170511201,5.87143542641931e-05,7.77564181243709e-05,2.16928568475583e-05
"AA682433.1",0.752502498158457,0.530311236471964,10.2101297737683,4.28024765774513,4.49507898241272,0.0143089927943919,0.0173084819351511,0.00461004782603686
"CA434091.1",0.731580034943357,0.572461806011004,10.2647421661455,3.89351535064844,4.03445819476873,0.0175267446714986,0.0329208723834651,0.0112970966626737
"CR746108.1",0.73350557551565,4.61525655431875,2.99236898624413,1.11797063328424,1.23514381969531,0.0115143701428610,0.0230414439298152,0.00502398750947482
"NM_032564.2",0.83053455596774,3.58881929393276,3.96115932327316,1.43500876134232,2.14342204886069,0.0138368205899545,0.0306620963061017,0.00144859778974962
"BC003643.2",0.80854444427134,3.5514983026042,4.02769736710411,1.21136433935253,1.97812405312719,0.00937671404555865,0.0449166557047955,0.00155785106551867
"BG479142.1",0.704806291199565,0.549822031519745,8.83714709915366,4.41782582769696,4.31928072396467,0.0461523214908866,0.0279722630754711,0.0115024263470335
"BX094357.1",0.742993473198033,0.472986408732655,10.7052850427461,5.66990265755829,4.95181822989844,0.0282118582088034,0.0124814724553229,0.0080363303592394
"NM_001001702.1",0.804696122476136,4.29726736923147,3.63784232283694,1.79674699164568,1.52415906305646,0.00762524500484388,0.00414452690320563,0.00294939514366738
"AW296397.1",0.791713877339267,3.80490518963210,3.50085903113456,1.90200938789541,0.956633101484079,0.00779531677240155,0.00255674208515603,0.0232082959062753
"NM_013245.2",0.72714445927854,6.55415382081838,1.83082072298232,0.97757467917976,0.880120425486458,0.0387139558605749,0.0173807536974413,0.00991258676581699
"BC007923.2",0.628086516542776,-0.0226157151864700,13.7588762249943,5.28801879642686,5.17303656979168,0.0252230628923811,0.0416283453750613,0.0182808629765178
"NM_016095.1",0.713890356911045,4.18583147954127,2.596522570711,0.942652229608833,1.17873658516100,0.0217107295301625,0.0448448801757161,0.00642691231453404
"BC025328.1",0.711405350399569,-0.553401124941882,14.0545089875688,7.30881654980383,6.35221921558403,0.0342729121011686,0.0169339139557706,0.0113673605477937
"BI490919.1",0.689733739450979,-0.534119542357608,12.7870335888625,6.6731429126987,5.32633448855383,0.0324474090309294,0.0156616451926264,0.0154252772458940
"BE674553.1",0.692545553283609,1.07335198372073,10.2080447007118,5.2529992838846,4.80432296255283,0.0460462555797851,0.0248290217945898,0.0136300184842332
"NM_014042.1",0.79009720485809,4.79088216975432,2.25074585790755,1.18140719089148,1.19475983369333,0.0298875991630098,0.0138916359856471,0.0043334202852007
"AI394502.1",0.679915567944611,0.02673464960753,16.6375973210284,7.09249030133694,7.2062714769839,0.0290874490887156,0.0322444703991178,0.0113836338125119
"AA954762.1",0.775608141296068,4.67918034830395,3.12524236116841,0.971735586558199,1.37508219813702,0.00773378783526136,0.0342613976970646,0.00229760112377591
"BC015108.1",0.743740502711032,4.84964794090531,3.46116655475506,1.50692221086591,1.63765801973973,0.0233457748321625,0.0238587342594605,0.00570170116929246
"R49002.1",0.623048565854515,-1.56722725404484,17.2720251786416,7.59265751563404,7.38336811067656,0.0462257003393372,0.0455160370460099,0.0208380825992809
"BE670131.1",0.715005057587527,6.35530227707782,2.15140421785951,0.891267316092124,1.06541253969355,0.0368416174063836,0.0450588503712504,0.00807007481285012
"BG716392.1",0.675136341188415,-0.439744315108283,15.7923278984033,6.8750686464029,7.2730680066694,0.039754398025508,0.0405465846668616,0.0125082331822254
"NM_005345.4",0.733810308712456,-2.19986029182536,16.5080962690100,7.39674311504096,8.8681819887698,0.0484812546615109,0.0446153221364025,0.00784904684344478
"AF086232.1",0.703018218952443,2.25715531925101,7.98227180088855,4.06539300008545,3.89479527002722,0.0476230403065686,0.0269046674278668,0.0120770644084544
"AW964150.1",0.703087211490102,0.556369359484843,11.9058645796739,5.78211756904641,5.87575884571097,0.0470786610890532,0.0320360023078628,0.0112876172161542
"AL039516.1",0.672234871424928,-0.00701461258616968,13.3423670252545,5.38974663952291,6.05821936860901,0.0354854898261961,0.0475662132459769,0.0116088374919225
"AV741306.1",0.817930139467398,1.75525833956487,9.167268089614,2.85788659575197,3.7521770627258,0.00261635529710724,0.0141486070960624,0.00105663573438245
"BQ030086.1",0.794379187798077,1.84261374408291,5.84359652420267,3.30430229877312,3.10395481338227,0.0313273203475896,0.0104287517311955,0.00459628015145
"BQ028015.1",0.74476904352082,-1.85595647721397,17.5384216435399,6.09194525087925,7.72794592017249,0.0127250445683176,0.0335900153480474,0.00401163813824618
"BG564157.1",0.71459771119651,1.08180672474587,9.17253379719507,4.88925632481129,4.40824317904420,0.0432393155347866,0.0199356809608237,0.0114311223992123
"AI355232.1",0.739269253134009,1.98356713159626,6.77757334839349,3.89929801969949,2.99980987646523,0.029395841436512,0.0088958697827639,0.0104203294132172
"W70168.1",0.691346742717266,0.118198364978823,13.6669261743662,6.2457472538876,6.32139139523276,0.0372519021835453,0.0315991073362737,0.0113129624268328
"AW629564.1",0.67593209770732,0.633526172142087,11.2442553806620,5.23457878425857,5.35560946384398,0.0486958754255367,0.0389933145940342,0.0138723849446598
"AK026882.1",0.689228002516658,0.847421434490625,8.25989530132718,4.63747090340165,3.76277202949181,0.0485168496742881,0.0183360768554755,0.0168235576481365
"BF028334.1",0.929244910406246,7.73139550439276,-4.7510817693577,-1.27957591436112,-0.668373385420732,0.000308997730158296,0.00486404865611264,0.0324558362007284
"AK096227.1",0.855597630703896,5.62431917792713,2.23614434399086,0.816315077546164,1.35369619930456,0.0187785684981585,0.0387948943066821,0.00113502461096070
"BU677295.1",0.746839069810532,-0.908688027393255,16.5290473722043,6.4484505286692,7.09498012678462,0.0123733775650330,0.0205287680208569,0.00445212652358145
"BQ708239.1",0.670075100891919,-0.752552878858873,15.7721952696694,6.93629154764231,7.54847055116295,0.0490215704354186,0.0482082530852614,0.0136920096030977
"BE865680.1",0.762531196079462,5.75721083159213,2.45665237126584,1.00314375476268,1.23020654604047,0.0236958231113506,0.0312811989851501,0.00434592535162026
"AF085993.1",0.676629258326854,-0.833424339754537,16.0585194941062,7.2994260026322,7.5863835522747,0.0456558999457205,0.0398114204518613,0.0132549899983157
"NM_006137.6",0.74448928889679,3.78636530801329,6.08662541825989,2.95124468149022,3.18534926786772,0.0416912718281985,0.0282284578053302,0.00725697844063557
"NM_005567.2",0.739067755302208,-1.50640471428426,15.9075951240606,6.58374987102724,5.77965171107935,0.00833081143021975,0.0108632066028861,0.00676278494022116
"BQ026216.1",0.680426694265548,2.14931753024066,6.37516265921613,2.83484494424250,3.08538686641939,0.0477761428334644,0.0451678793477855,0.0125889216780825
"BX108544.1",0.886865467630607,7.72187067729416,2.96142652006167,-1.21226450136633,1.92887759055024,0.0307477715081564,0.0396406459365328,0.00148530821584209
"T87879.1",0.718523156057696,-0.0328390869516632,10.8930398711873,5.71499867902467,5.23054531497157,0.0406784968291327,0.0198574472095540,0.0106152448492682
"AK094562.1",0.673654688045587,4.2912752128549,2.75753209352247,1.21287888865507,1.06527945661041,0.022202126104874,0.0217515318483461,0.0141561580180957
"AK128036.1",0.718496113643442,-0.552114827109572,12.2078771021884,5.96834055844412,6.00409610249024,0.0408691182879755,0.0267237629475357,0.00953899318872852
"BC038553.1",0.70376470553383,0.48191132679092,12.8365309912691,5.86156652604327,6.31295644335515,0.0431958330303067,0.0369584922881618,0.0102526334756869
"NM_005129.1",0.950920255760023,7.14984715346143,0.943727630986074,-0.510579641049442,0.941609023310087,0.0425667554171919,0.0183637561484980,0.000195217004285570
"AI658842.1",0.687246682770091,0.250301010687694,16.8600399171511,7.42164733260301,7.42216083503055,0.0302425007171073,0.029571898186444,0.0110536066125379
"AL134698.1",0.692247411209591,1.20799954837951,13.1785931067655,5.63980890839109,6.03765152506306,0.0328737228366939,0.0358160549122977,0.0101411898294875
"AI363185.1",0.756168595329997,3.97938516268175,2.75074777155054,1.27103037814294,1.33652684127991,0.0381307612114981,0.0337274062718219,0.0109102251541784
"AA525236.1",0.679827366846432,-0.193610142138602,15.6801045122049,7.142937950207,7.26548153511032,0.0412558877479556,0.035557788120276,0.0127397420514447
"AV699321.1",0.73538479525676,1.03342377496714,7.95466373740285,4.22833916228625,3.96611455294981,0.0410821235965644,0.0189975853835231,0.00899856622007243
"NM_013340.2",0.65633992270839,4.84619056271221,3.10114863097615,1.2255616107973,1.35323142998589,0.0336825549573303,0.0489599396561871,0.0130799702880328
"AK095484.1",0.743049002484952,-1.04620687240959,12.3717826305527,6.1982119770647,5.4910537024687,0.0218654160890436,0.0120901534716413,0.0072458448323058
"BF514985.1",0.879039646086313,5.4749610902304,1.82076703344653,1.36770628786681,1.05691792263197,0.0202155855296107,0.00135037256179584,0.00159030822860940
"H55779.1",0.680386215963515,0.942502676276292,15.6812503071932,6.98906788430851,6.6612528225737,0.0439921514821924,0.0404999254587299,0.0208545232548570
"BM716069.1",0.715492185626008,3.90132248567575,3.27842059233778,2.13603126480492,1.38050428747257,0.0428182231476363,0.00788860705684867,0.0202907934798989
"AI733705.1",0.703416986948535,-0.205027514944254,12.9648121255180,6.35929166746644,6.22092895117153,0.0424081793735781,0.0274677726656841,0.0112325427096839
"BI492336.1",0.69289455503318,-0.138836268337985,14.8100174016079,6.5569599039401,7.1258022251893,0.0418324835839558,0.0401120293573936,0.0108980790380837
"AW235269.1",0.681174786074533,-2.02501713881217,17.3471744509530,7.35649086139693,7.85514821049826,0.0341838571935937,0.0385004062715777,0.0112331724369736
"AK026158.1",0.825784566657328,4.94396902616575,1.45030803679797,1.07236098319419,0.8048883629019,0.0385719956056645,0.00359431151053672,0.00486125546862371
"BC063507.1",0.793120066338524,-2.33844487502363,13.8556452999491,7.1089808981485,7.58086494790985,0.0324758719047571,0.0168919287503672,0.00413723197183623
"AV764575.1",0.715335462950834,-0.419499667991959,14.8904709178907,6.72531020996215,6.86469402622407,0.0290228104884869,0.0255944237692839,0.00845458623094376
"AI130888.1",0.739390567635506,2.43416539780178,8.38730964680824,2.95476185068650,3.94885709382031,0.0195506257687171,0.0456901932133806,0.00471369828237364
"AI733370.1",0.673424588642262,-0.00276008940318805,15.1876322424467,7.18355979945643,6.9309535468567,0.043000363295861,0.0321696457479617,0.0143682254896301
"H61754.1",0.705139241264193,-0.253507608456213,13.8509240188990,6.46390808616086,6.44249895737135,0.0345791676908028,0.0269108803886000,0.0100495851007147
"AI056666.1",0.707196076134153,-0.103263248725183,14.2018655949427,6.71989822145282,6.32148021712769,0.0290361453792070,0.0211322052529224,0.0099993452041874
"BG221105.1",0.953738376400125,4.77519606146976,3.09329273479771,0.656092619277279,1.339558425043,9.67515658435381e-05,0.0059155425024193,3.24940201592939e-05
"AW665480.1",0.75143495984029,4.4091407324276,2.89552925538566,1.8826063593382,1.09283217379044,0.0246924885908686,0.00387142674973488,0.0175796697974557
"BU579670.1",0.714194893044164,0.112028290078426,11.9085920347283,5.62018008528037,5.80557302733914,0.0393019146605795,0.029477559220245,0.00945652652603783
"AA193241.1",0.778141929373568,3.50971565401782,3.2652398647112,2.45538012710532,1.47054136230335,0.0382661995761238,0.00324993304497537,0.0132136119454386
"AI126942.1",0.76269628112109,5.19971613054297,4.01397918664221,1.27353991778342,1.81120900222521,0.0108057158547365,0.0412813206969519,0.00293165955320419
"AK054922.1",0.713162825544135,-0.210616179037897,11.5991851603223,6.13721147823872,5.60010347786832,0.0440838504862593,0.0210397229654593,0.0114726187800445
"AK054987.1",0.677387293927384,-0.0307196902834787,15.6797280078796,6.6915822640058,7.05074752145242,0.0345842880432611,0.0380348378051435,0.0117667378093428
"NM_001632.2",0.719516919000596,4.6668578183828,2.46086247564405,1.68462529346362,1.05550336083867,0.0482319293204737,0.00729411979373228,0.0216101784264164
"INCYTE UNIQUE",0.863269355202801,5.00239492296627,2.13142577950265,1.22913615122558,0.999608515902007,0.00612147085359249,0.00139852703062886,0.00123263425565385
"NM_001678.3",0.717569498592783,6.0350066007772,2.38358257979968,0.891279428384678,1.07974701007185,0.0212398657720128,0.0395227668224522,0.00632884687489428
"BF055999.1",0.880528946857319,4.41998467183912,3.02125790144127,0.839210933741508,1.39258794819314,0.00132249609984157,0.0136930623901264,0.000248728600428327
"N52853.1",0.836001050620752,4.86627976750271,1.94637300815679,1.12458855948487,0.88247494223571,0.0089794425047806,0.00214354506730438,0.00230944891042620
"NM_002764.2",0.676740396558774,4.23411901807971,3.6506407908907,1.65807990872061,1.50899511236806,0.0278179309462215,0.0239497432446382,0.0133929841001302
"AI248083.1",0.732838540779309,5.1354395798235,2.71564576703743,1.44696324555918,1.37845894217555,0.045331814703681,0.0211101069093427,0.0094084132416742
"NM_002086.3",0.669340039155854,0.907760122685181,16.6336518532787,6.65035546263786,7.41463283959335,0.0332937655409699,0.0464991126894506,0.0117010268537222
"AA876414.1",0.758057934662072,1.43573726070921,7.32747019132908,3.65239725942347,3.78031438765870,0.0351483366724745,0.0208929513917304,0.00620488580616633
"AA605075.1",0.698908125555986,-0.957679908415973,13.2210326388982,6.86554809156068,6.26321516562574,0.0452693128875625,0.0234577845638887,0.0129484011828547
"AI707455.1",0.687610355058458,0.19017710142607,13.0043656081155,6.40167995948307,6.09623513427001,0.0445388655911824,0.0285827014850726,0.0133028837515577
"AA676727.1",0.685791583504627,0.196684222766919,10.1240917503749,5.34713398142124,4.55372555896242,0.0433428794565492,0.0207832276922872,0.0154761739247197
"AI797618.1",0.719589308866047,-0.300451338466027,14.8673819914697,6.29832202252321,6.79321925297878,0.0247306148888516,0.0282035245488913,0.00727376484755052
"BC030114.1",0.681587663287507,-0.948898985300165,15.873152420591,7.50018221124398,7.18269007242722,0.0388592065261533,0.0289866719477281,0.0131774440442026
"AI732085.1",0.675168017712841,0.00051172087228598,15.3655580009105,6.72351308288184,7.25370411635566,0.0442417310510485,0.0442833715118837,0.0127777957466926
"BC071723.1",0.691068059001865,-0.58246177098356,13.2638939895879,6.06430986377931,5.82853649726384,0.0305661698725017,0.0256946329735131,0.0112883357557112
"AK091616.1",0.664548057219965,0.825837341379298,17.7309923318750,7.41689775075745,7.41701001455179,0.0285958784713083,0.0341064880680122,0.0130939586000300
"NM_152608.2",0.668090766939364,-0.248811387282074,16.1033040294844,6.48729864748727,7.32734554712433,0.0369935364147814,0.0499187227928396,0.0120966281983529
"BX102791.1",0.845903836260515,8.82230232898949,-4.55167331173825,-1.40060839238755,-1.82569570103244,0.00132645597995165,0.00851570011989255,0.000580817228406162
"AA436719.1",0.738623089290846,3.75179521562986,3.58746320929267,2.18721924556626,1.11410703566934,0.0206263007584193,0.004318045318398,0.0327130691743673
"BF510847.1",0.83065704708227,4.54270710693937,4.77627699465347,1.74488704003472,2.56194920240914,0.0131132548944125,0.0283088306484022,0.00142323295083124
"AI742088.1",0.708323753041048,-0.942754876639232,14.9668169617092,5.97153701686759,6.57097291439624,0.0215895927896061,0.0313702505271958,0.00752936355626598
"AA831778.1",0.703434161919224,1.70805283643546,7.60608218693849,4.41241946777571,3.49111413467247,0.0466621454953234,0.0151407929276770,0.0155032920152047
"T82277.1",0.751880364299469,-0.0299585555046817,10.4332369770313,5.31650418001717,5.11212747491313,0.0306448732444895,0.0163035210479248,0.00671670761934164
"NM_182936.1",0.739958018229225,4.91724305829608,2.7793512126009,1.5571380262788,1.20649441853000,0.0259948316858766,0.00871579239354785,0.00987679148365043
"CD238996.1",0.716162658835072,-1.32444844292351,16.6336750380063,6.83438376623943,7.52252009811939,0.0235798445842789,0.0303921034050631,0.00722592692796859
"CA312867.1",0.837578095849578,-2.01298514195954,11.7330660489361,8.2787436357736,5.66817185373569,0.0377984200007848,0.00717463667386379,0.0147665871085653
"AK095902.1",0.738827820905376,1.61004824123347,6.88145647026761,4.23007404011561,3.41675630003344,0.0485892504105106,0.0122788222146952,0.0114412391933587
"NM_152832.1",0.730064265278819,3.39803258880651,4.45663883777299,2.52840651011002,1.82562535600223,0.0251786875412838,0.00789686854727864,0.0124669432342873
"AI291630.1",0.656928021466748,-3.06378975116068,21.0603154856978,8.2928750596388,8.18829665226586,0.0337103274025510,0.0435706023009539,0.0263954856525788
"CD251733.1",0.72033539579668,0.039570887919917,10.5023963608769,5.25795607796498,5.06299168674445,0.0381191827353388,0.0224522292259594,0.00959049950397536
"AK094902.1",0.707438592455718,-0.892801287196124,11.8653370491393,5.78506664168905,5.6931440252989,0.0406252532416119,0.0268415699371722,0.0106347645769951
"AW874640.1",0.954462864641885,5.2585820022515,2.9887414612071,1.81714211408067,1.89311070594538,0.00485112477448122,0.00069482692767362,0.000160673341796491
"AI879968.1",0.705173037572986,2.00596878480267,9.70793822863339,3.36109852871022,3.71122412187886,0.0107619363508955,0.0295425072601853,0.00686578905791362
"BQ428303.1",0.732652324711273,-1.10122341181657,15.2072952383970,7.37236519373002,7.16646167417521,0.0295058138226467,0.0194010277322477,0.00775692346576392
"CA848075.1",0.839584666733632,4.57569738989368,2.58359119906345,1.50891778232509,1.24264997695809,0.0110964903175047,0.00258325123636177,0.00213660061424257
"AK024411.1",0.727987997148763,0.488994902159943,10.5311926146692,5.86878497890575,5.3241471365232,0.0493900743403402,0.0193493997700303,0.0107514196386429
"INCYTE UNIQUE",0.71774825023465,9.8788209030152,-5.84909280775133,-2.40814883365730,-1.48378824771311,0.0110075085913518,0.0145509612558638,0.0411022455802801
"NM_014364.3",0.798943011317104,4.59642165095167,3.33795842896322,2.07154951127252,1.73139977098519,0.0497503395144265,0.0255373687970825,0.0125415281886945
"BX093507.1",0.931199098340247,5.34397638277217,2.54433659975969,1.30192311835432,1.45936435977483,0.00218419310278077,0.000900967315535869,0.000110767230856822
"T86940.1",0.767059185079571,4.97975873375374,3.37084259704168,1.85170273682763,1.87225910528009,0.0493427631762963,0.0205415742871784,0.00683137921781554
"R42863.1",0.795272053733159,5.43338333920093,2.37806707269400,1.15215222206932,1.37748092102452,0.0397767948899733,0.0269032781421579,0.00406739378004010
"AK123850.1",0.80018481191415,5.56226749781947,1.84425225313744,1.00791571604624,0.9899662685189,0.0292918052241242,0.0112846226445731,0.00398142759339003
"NM_001018017.1",0.788978806019431,1.26155872458895,7.67609165961494,4.85879931743492,3.85720168431525,0.0318711953818763,0.00616860471708106,0.00623004551406175
"NM_017890.3",0.724847738733298,3.11539387832988,5.38418710332564,1.51156824212113,2.08514326819894,0.00729752674910725,0.0477041945996325,0.00426186505512237
"AA917907.1",0.827244513582375,3.97994291445162,2.58800290671172,1.22419692995751,1.28834456911707,0.0112341447332650,0.00776538948520795,0.00179174687447426
"AW105054.1",0.660079356181741,1.24990824452940,16.4946494707474,6.99092691341661,7.28615324765558,0.0370408719281572,0.0417152468533171,0.0138642783168152
"AL049937.1",0.719296525653051,-0.0800213208167591,11.4476129654893,5.57738853306375,5.09268049544935,0.0269539819700062,0.0172162476133159,0.00917547589967009
"BF436024.1",0.738560049030642,-0.858007955463332,12.8427719362497,6.25066600444752,5.9075043339595,0.0252354628302814,0.0161026232493743,0.00721249111323215
"AF461900.1",0.71130444625633,-1.50418473272265,14.0351333923435,6.82171459283779,6.54025553604615,0.0347424250631044,0.0229162461242805,0.0100207542728749
"AW817966.1",0.654381176763003,-0.393705250948361,16.0757887977385,7.74727254087166,7.22673961521668,0.0486338328391119,0.0341917844367497,0.0178755862891524
"AW044502.1",0.621474232956693,10.8130325927321,-7.18052368626558,-2.58934756075136,-2.04365405032372,0.0199036569271254,0.0426568061008199,0.0438751797829589
"BM666043.1",0.79483388828619,-1.78854921913574,14.1316829085104,6.23886817136026,6.69823145165374,0.0128005579225361,0.0123053752328977,0.00274119563049238
"BF510381.1",0.698933048058051,0.440861827686251,9.82504996035245,5.37812890968763,4.50568606766232,0.0438012735417822,0.0180669316247415,0.0143828344278496
"BX095383.1",0.809216582030828,2.37810859047626,6.67486786570356,2.11723140945910,3.01489855189792,0.00553567761315532,0.0242601743626614,0.00136278548912
"AI636698.1",0.936626385343033,3.61893891323860,4.74715829015722,1.44630200277871,2.20190333328062,0.000183120556314537,0.00158890235324235,2.90690611888327e-05
"H96903.1",0.710387134300976,-0.0940223758801628,14.1864492236163,5.84209240166085,6.41539321107406,0.0250406835482999,0.031898057394513,0.00776603449532738
"AW090066.1",0.800302938572293,0.0435012493724445,9.28833236679553,5.36909689728899,4.77698068455253,0.048061843182166,0.0208102249036696,0.0154471262502183
"AB033094.1",0.684187228180349,-0.42681046681726,14.7405575742142,6.67868018053566,6.99122653687275,0.0434354827549879,0.0382695772354443,0.0122190103080182
"AA927606.1",0.718803157131101,5.48724688438861,2.70776210493132,1.28761732948630,1.15513301401801,0.0222805520046495,0.0156096414620531,0.00897290583961396
"BF515268.1",0.87153816245775,6.08423837996628,1.41750470248079,0.46163577879793,0.701906691455716,0.0031303251503389,0.0135041249734507,0.00041684163984921
"AK022892.1",0.618614124347785,4.08018199277492,3.04795584620011,1.27740755950261,1.20717653934400,0.0354930178136087,0.0416967027849337,0.0212160665644306
"AW295236.1",0.718003394603978,4.5806966332854,3.34609806157906,1.64229726670894,1.57196720517332,0.0341706617989066,0.0216094522173298,0.00944622229480206
"AI937195.1",0.754526793786676,-1.39134045613677,14.5557368196144,5.89833762315719,6.19974838037675,0.0253607181239440,0.0274557159305665,0.00875181254064982
"H59615.1",0.693645181077216,-0.284980539598100,11.8117534580948,5.56450172254312,5.741925357486,0.046336489373863,0.0353802543679275,0.0118553669878975
"AB046810.2",0.669936206372786,2.18405119688908,7.23143591437903,2.58305180260954,2.81217399693263,0.0171613262918248,0.0389266119917847,0.0104041749835533
"AI821542.1",0.696566094453428,-0.426842230658456,10.5315245348237,5.3792935973838,4.9728441274838,0.0445921129115535,0.0246721760078391,0.0128926201710810
"AA775180.1",0.699596830511366,-0.0897907262394631,10.7855792777859,5.28910197550508,5.0165991418323,0.0388069855750151,0.0249369004026561,0.0115993168789554
"AA001693.1",0.709599524192572,0.473819195497749,14.9726441552485,6.68266184019163,6.86836118943528,0.0295793868471382,0.0273721963845409,0.00886150277018585
"BE537566.1",0.811445065051674,-0.273359686406933,10.4696352309578,5.65360683337916,4.78859195793388,0.0267597932031956,0.0139036782885526,0.0123409178820477
"AK027193.1",0.719853244342636,-0.14884082897799,17.7387534798921,7.17625768884483,7.83538328639083,0.0200234522778902,0.0276844315947072,0.00669250334078448
"CD359469.1",0.697975838339612,2.91812144085377,6.30241805524691,2.90127630915065,2.8392478163795,0.0318882076390214,0.0261176372325281,0.0105753390992918
"AI242381.1",0.733006545054788,5.06265469436513,1.640277077734,0.739864736604347,0.796232681139502,0.0306498573492933,0.0272095775774928,0.0070354755772576
"BF002683.1",0.675312389934337,0.277679034725048,11.6113299809897,5.94400013812547,5.22360044175566,0.0450244069621255,0.0247204453793763,0.0162040349584943
"AA827978.1",0.745858314290262,1.50199015384002,10.0752981648956,2.95583703445402,3.90225584138807,0.00577979071468204,0.0341727174000392,0.00332919571722183
"CB053130.1",0.667086975593529,-0.961766464625177,15.7600925369330,7.4553665179417,7.04766704591776,0.0420783334302056,0.031415623352324,0.015314966973404
"BX108820.1",0.703963034891735,0.0187857671051839,13.7029443827080,6.19370688325332,5.95606261812387,0.0493367018290001,0.0363523394445615,0.0177134891009182
"BG192873.1",0.865377532321568,5.17999025088228,2.09090239438461,1.65044170591782,1.09970388566869,0.0199979451622962,0.00100116678915911,0.00270266266881952
"AW081507.1",0.625107331758785,7.52690024708207,-2.90210013951563,-0.978742190507636,-0.887677900368887,0.0168150965837317,0.0471177233165468,0.0288262951543552
"AW842975.1",0.739142743126584,9.8705552984465,-4.23471602146909,-1.57566416958806,-1.02756936555947,0.0155420486660269,0.0183604405744881,0.0435936692718647
"BM989011.1",0.724632685300042,-2.40295723008887,18.8155696110536,8.05110618827713,8.81589206384539,0.0308585884230195,0.0371715829636414,0.0109762822439440
"AK095743.1",0.677671493900199,0.367363915306447,11.7789287732296,5.56285085682463,5.24012698171378,0.037717865903412,0.0281354258578911,0.0137244701012964
"AA767498.1",0.786554467329396,2.06646079829983,10.4039094481852,3.27740489770138,4.48558492002644,0.00592884758918836,0.0263673083938246,0.00191079750274678
"BG745182.1",0.758211150278638,-1.04828005737754,14.8754282838550,7.20852857644332,6.84443285123148,0.0202099326857982,0.01292233979764,0.00551536811587352
"NM_031887.2",0.803507481570448,4.06963270213939,3.04977160366418,1.33635310515953,1.39629344901082,0.0093157590119951,0.00926563648806609,0.00228380319312650
"AF088010.1",0.721539037126465,0.633791664772064,15.7600006677196,6.27391806287212,6.80473227797821,0.0284341480479618,0.0393061439923951,0.0117951691200769
"AI821168.1",0.733938789168653,0.461038783848298,13.3932095246569,5.86590161070064,6.43794701183252,0.0280821272011283,0.028008027104404,0.00661777433918038
"AA740981.1",0.699385001089028,0.249893842405984,10.3210303796417,5.1541959979014,4.92763298261739,0.0440478501215978,0.0266604108008894,0.0120666528849572
"AW469226.1",0.680087363078027,-0.563170576955688,14.0222317260775,6.39084199432832,6.38642294932451,0.0384909583758602,0.0330316589653642,0.0126456882581111
"INCYTE UNIQUE",0.723542675509151,4.27205847540959,3.32702936260257,1.35940281644982,0.933900701050962,0.00878990635573896,0.0121386861272726,0.0230156317252537
"AA737405.1",0.68424960852756,-0.826509903219223,16.8470919090769,7.03635043093613,7.83875286123285,0.0367543715031184,0.0436624155230204,0.0108225338741079
"N22824.1",0.723161725430671,5.62811265347107,2.07032014766342,0.91293467308246,0.982642924542373,0.0297157141050051,0.028853964371697,0.00755721723374431
"CA944807.1",0.686724334122928,-0.838558678875229,16.7312559522051,7.49497969280538,7.66106916024938,0.0363436229079354,0.0332749910934516,0.0114983358784496
"AK026867.1",0.712774963005361,1.32261580531559,9.0061749819466,4.59116967386064,4.48635187105385,0.0475875986110906,0.0267809280940369,0.0109630257838281
"BM992838.1",0.680784503883447,-1.21045621770811,13.3057314577093,7.30026351630852,6.02937466556192,0.0491946233006504,0.0205733531220627,0.0175155421280722
"AV700912.1",0.694741745280488,-1.53780457106376,15.840335418877,6.94595536293493,7.4470975107657,0.0368940152092735,0.0366379713250069,0.0103591586431769
"AA465261.1",0.754524047831455,2.27183530124493,5.54413422314914,2.60214457089271,3.04804585130023,0.046160323723742,0.0357357740701366,0.0065428195425861
"BF528467.1",0.847600959829617,7.08515004482517,-1.93949765220508,-0.480789630610311,-0.373858410879654,0.00153031157768766,0.0249282923579790,0.0273190667694003
"NM_005629.1",0.63946691283036,-1.60505859690809,14.0704221732926,6.29839327383052,6.09959993891535,0.0437199370144356,0.0402883393468655,0.0183712236846997
"F10662.1",0.623604809179437,7.92413881228755,-3.08167841359054,-1.30415614849962,-0.905156649190208,0.0251117369835014,0.0287441365535847,0.0478561498632048
"AW081581.1",0.690748309599016,-0.912199907722334,14.1900280642783,6.9174559326815,6.50380893705936,0.0393306466601799,0.0259223831973746,0.0126173340254875
"AI826101.1",0.960207258145372,5.03177963205748,2.69956369882278,1.51067220690110,1.28539691771354,0.00159563346329222,0.00169329606378339,0.000577007187550255
"CA413744.1",0.61720173812021,-0.52907995236998,13.7257360205508,6.09744842943477,5.59816239741156,0.0424301908976605,0.040190221914447,0.0229477243213127
"AA834765.1",0.731092902225796,1.60271429447791,9.12115940717254,3.42885169394123,4.14172642792505,0.0187114964500905,0.034639323686338,0.00538109751411814
"CA951969.1",0.66713495575093,1.68026033636939,14.6141994934046,6.29420557180781,6.86799815244817,0.0456104248273644,0.0482841464666243,0.0135556387723251
"NM_001305.3",0.707968027347077,-3.28605817504118,22.8297875870402,6.8734029864234,8.901912899668,0.00969055030417031,0.0458715588313841,0.00556359766926408
"BE465675.1",0.679018595909888,-0.71149231651089,16.2206585052401,7.22908596913085,7.43234468850896,0.0387098401490132,0.0361800468076893,0.0123883964465734
"BF110413.1",0.613580759298592,4.71591457523955,2.30699623589442,1.13216136612595,0.923883657443059,0.0486999238916003,0.0319345368155063,0.0288936135709536
"AI110854.1",0.664659673659477,3.49602493377965,4.1795586789001,1.76414386561683,1.50443546697255,0.0191450985168644,0.0223101760598739,0.0165741371677915
"AL832691.1",0.726050748863724,0.412841523928383,14.0690754683834,6.74690881698695,7.04636720825653,0.0403301406348958,0.028448245562693,0.00859604543797711
"BC007733.2",0.695327563249755,0.246233870242247,9.30788015052256,4.94391229422411,4.4169478348604,0.0484546666103411,0.0231338620256167,0.0140155701571135
"AK130518.1",0.670980856572585,-0.519298950922856,17.9463849154885,7.40273148439498,7.85756106743469,0.0315606213048578,0.0395035411009807,0.0119236919338550
"AA209466.1",0.683412902553988,-0.958887313716597,13.2796341779181,6.208535346243,5.98413426258468,0.0371225926012656,0.0287959248697192,0.0127002235193313
"BF900001.1",0.820269523392809,5.73339260574816,1.70354698857497,0.598666873941262,0.875565986118683,0.0114645123872181,0.0293906050427660,0.00153517377909051
"AK074630.1",0.670820942963435,-0.25997036559598,15.8345455967209,6.96496476705,7.20848942944126,0.0398014273515932,0.0390800338608121,0.0132052098382659
"BC033940.1",0.694178958463495,-1.67592890984565,16.6636475504617,7.80793489731445,7.54988579896855,0.0345761302948681,0.0264762098979210,0.0113605330358828
"INCYTE UNIQUE",0.790585815480762,4.1699677088423,3.34525930255213,1.51222686103844,1.38834402202378,0.00755000158605655,0.00643879927928116,0.00306957938235712
"BQ267958.1",0.676564020521516,0.108990468283518,14.6575434316206,6.27736251853695,6.99437686105721,0.0448008896689895,0.0483902492353622,0.0123607848684437
"AI189551.1",0.690956082514497,-0.259001356695172,13.8085051302681,6.84612839926166,6.51742072397,0.0448520115821022,0.0280020943969016,0.013013267373627
"BM993438.1",0.713587359629161,1.72901421513479,6.95936336205375,3.55803443784178,3.10947033507672,0.031336180075914,0.0164776925147854,0.0107619299298756
"AL036437.1",0.699606440833833,-0.0451715521613533,10.4478000887874,4.83792892320753,5.00105661172151,0.0405307876171020,0.0327933915738843,0.0107220379791582
"AI884767.1",0.667094179752255,-0.358698840726006,15.6252670047226,6.62931304097109,7.28502607669248,0.0434950348185688,0.0485853521669423,0.0132341567286934
"BU617887.1",0.706643764563284,-0.845781199763484,18.0179583340411,7.48862828119365,7.99154384413543,0.0241086992073194,0.0296756895642926,0.00815667023561865
"CK001254.1",0.961553510098239,7.56090563868888,1.65222033528146,-1.01938580969119,1.72145165290642,0.0337757513706414,0.00754208773661998,0.000100446157585315
"AA854620.1",0.83142491280774,3.63440944860651,2.96292800866769,1.14414311918388,1.62495643159056,0.0154234779140758,0.0262080347141996,0.00154034925923965
"BQ025789.1",0.707055442544925,0.283764840127592,16.5732553547815,6.91588147827478,7.51449009689708,0.0265766188098873,0.0320819603270143,0.00823482767276313
"R40172.1",0.691611667722328,-2.85939403530654,17.6716192563083,6.51643160284488,7.88277135976,0.0252022710700226,0.048238170675269,0.00836271394118245
"NM_019884.2",0.903814671145763,5.46728860289431,2.10175521888721,1.38171721510518,0.657190084057668,0.00255929857766469,0.000348191668771357,0.00261555988335013
"AK095174.1",0.704791980265867,-0.236175418281425,11.4668396332963,5.84964092039495,5.49014175800867,0.0437099027620931,0.0242422443980753,0.0117942975166784
"T65932.1",0.745497983035612,0.698480106256631,9.43843867198708,4.63915923713383,4.85369225809114,0.0386989455456348,0.0246280710995335,0.00715987773323542
"AL704383.1",0.784281282471202,2.91287688447325,7.32523875630284,2.74352975299190,3.23816255469811,0.00834877034332084,0.0170811989456581,0.00244134471859796
"AI688486.1",0.67995238161344,3.6364381143664,3.20148482403834,1.94868943054149,1.23015177279082,0.0418704915910927,0.0105965453929088,0.0287850051851228
"BX489190.1",0.722603457079106,0.409558468557963,9.30308609407324,4.95133988506726,4.40475850122775,0.0379496099456602,0.0172211592929554,0.0103821569913830
"BX116084.1",0.705080095017677,0.0201956881928872,12.8940030619277,5.97071485596344,6.37508780929762,0.0443236865528843,0.0360225661816359,0.0103413031007878
"NM_021090.2",0.935804135946244,5.29773745641149,2.16829315977437,0.393705106488812,1.14498949545756,0.000526640244602794,0.0409155085808948,3.84384751626396e-05
"AA831976.1",0.685587694175072,-0.386026313932652,15.5360149619552,7.1713622861914,7.15396390068955,0.038949996786558,0.0318405125844187,0.0122035332079418
"CR978491.1",0.806981340803904,5.26771930756174,1.54936987262782,0.92453551251943,0.854133205382236,0.034049208098684,0.00895419654630007,0.00424128802049612
"NM_003355.2",0.757985725504289,6.26957577346156,2.45347250522522,0.99978976362941,1.32236955078362,0.036605307820101,0.0474840224484828,0.00525451930651992
"NM_153614.2",0.79474587300142,4.2273659190386,3.37791032202448,1.06788826906191,1.45426736814772,0.00520368461107715,0.0233934151507199,0.00166788063840174
"AI808358.1",0.711097814060943,-0.369567989390516,13.8474729981766,6.33864367477019,6.7872286785352,0.0400070688490466,0.0338148415793064,0.00943144649698487
"BF968488.1",0.734843190487102,-0.0732198239198641,9.73362436574084,4.44635207701474,4.15244072899563,0.0416892544850597,0.0121783087563469,0.0249598341953040
"BU176439.1",0.720194832223596,-0.393179521313151,14.0035149651368,6.4503509867373,6.1674283051633,0.0235251110067279,0.018983239855521,0.00819929631551143
"BI758674.1",0.802474421866386,3.48006055301257,3.91606462506988,2.02662746402335,2.23744907224442,0.036148297477668,0.0183797713500474,0.00382086940869168
"BE675809.1",0.692703303149851,-0.424062162934857,14.1259272409062,6.72849131187314,6.0975709101767,0.0300337914245909,0.0213050531289790,0.0120064577583621
"BU948510.1",0.749002323822574,0.06508719358683,10.3749760727731,5.81289629602437,4.95357737647557,0.032869605682562,0.0115333007153941,0.00832801510827132
"AF289565.1",0.679353717300247,-0.643257551528113,14.1728118502989,6.85010430730392,6.67539310344241,0.0474052235276386,0.0328825151668695,0.0140951092049426
"AK000993.1",0.691154460202075,0.752000735699624,8.80050777382365,4.76120330877935,4.10650136488167,0.0486192382523655,0.0215163746774440,0.0151751181490867
"BC033544.1",0.748371189907112,-3.76623762573451,18.6914728234108,6.82198512952625,9.01590704916813,0.0408209247911036,0.0292666059775108,0.0148871529078287
"R74180.1",0.868880212962752,6.29292603909898,0.935826854297608,0.371496929087525,0.631624155584865,0.0295629758682361,0.0427530552678727,0.00114523622484085
"BC052612.1",0.675494676525180,-0.451049141161124,11.3305900868272,5.69567904958069,5.25240693641305,0.0485388228885425,0.0289625646642137,0.0155914989825452
"W60612.1",0.707734724067059,-0.987079651596875,16.9031264693412,6.69563632047916,7.51598661166469,0.0228045092689761,0.0339315011295013,0.00754567303770642
"NM_080719.1",0.907956301193885,5.37525543890373,3.46869904884871,0.93120791367598,2.23692908680865,0.0226590459391353,0.0493946187295953,0.00183745783674382
"NM_022895.1",0.948537765171425,7.33146599437953,2.51841823246698,-0.732417332855623,1.89314651802516,0.00832948569272013,0.0463581718014105,0.000102744097339246
"BU615998.1",0.75398180015256,-0.751353709449873,14.7306688819484,6.36466037996065,7.51635268952604,0.0301343745187925,0.0316909921790522,0.0053650243147507
"AI961234.1",0.985274838026907,7.26189070968171,1.33634579951694,-0.72788124397847,2.18367235743822,0.0363273952566306,0.0147738077837654,5.94017858838842e-06
"NM_018957.2",0.893944686663721,3.41654367885232,4.1311420058194,1.71819459706143,1.58744128788000,0.000507140894757562,0.000687325785599675,0.000278267907215382
"AI240259.1",0.735340083506991,3.43363335164158,4.31643851511638,1.86875394622912,1.59440246535878,0.00993896944425398,0.0104618771866226,0.00747875323511603
"AK022220.1",0.716864428581868,0.331038122541112,12.5210459373172,6.03712808151582,6.082178195171,0.0387337781119733,0.0266491809870218,0.00944181688257479
"AF147433.1",0.698519180013943,-0.771670415046045,16.2858792200133,7.2799627452949,7.3725439507705,0.0467738841334624,0.0466009763793813,0.0187937134149865
"CN365958.1",0.708776199609664,-0.848972097123944,14.5397150188155,6.17307024268558,6.8732340683855,0.0321485449617466,0.0361092721856881,0.00849885736570301
"BC043227.2",0.830450600723302,5.54735329697574,1.12945431931116,-0.716446082897064,0.425460065477934,0.0342396951964298,0.00669693588389195,0.0250988625444722
"NM_032153.3",0.908956854356295,5.53505106711606,1.50848116987498,0.522810330371877,0.712589080018451,0.000778296762759027,0.00290021232230771,0.00012016843546268
"BQ023937.1",0.682467354116825,-0.194632902372759,16.0222843579714,7.28224520679931,6.96594435032796,0.031487513134607,0.0271344858333000,0.0122815108634903
"AK130682.1",0.725158494871688,-1.38172551047425,14.3957144245716,6.27243164526277,6.90593206833397,0.0302048937774539,0.0307425463472539,0.00732052713059346
"BQ778000.1",0.712737826119792,0.277803432628612,11.3659662784001,5.78403955700819,5.62740933791656,0.0463629201105492,0.0261809922045264,0.0108983375711512
"AA806597.1",0.74953944541342,0.103036269051407,16.9040173378058,6.82521167746236,7.0151777004343,0.0190202912034979,0.0255251129121104,0.00892443019042232
"NM_020853.1",0.768246084692217,5.18917272627301,2.09566262334164,1.04574015349653,1.14277766681421,0.0408757857621009,0.0246019416534614,0.00575803355716469
"AK098125.1",0.718791413054481,1.90993189576974,8.4081895825214,3.50986285535242,4.04486619940176,0.031179315520673,0.0373572733863592,0.00751429993812916
"AI821736.1",0.703213608215513,-1.25747441105592,12.4020289314422,5.85228417436801,6.02210002276959,0.0425924241025233,0.0321333794285229,0.0106865125023243
"AW753527.1",0.68098114174147,0.304657801473607,12.2672829862432,5.8914869897368,5.81247088564527,0.0474924169428589,0.0337630005972211,0.0137539218597779
"BX090694.1",0.706851116975643,0.00423256797310235,15.0966374989381,7.17348962222834,6.94648898956967,0.0333720803401964,0.0240862609057267,0.0101208404359542
"AW298184.1",0.686292360991435,0.623463767775448,9.91027448206049,4.01660330313485,4.50998775355047,0.0317742615689358,0.0423997612736814,0.0100410120322990
"BQ776673.1",0.697939438908446,-0.701118653862501,14.5854052310199,5.72564763008312,6.43186519710515,0.0239630053382142,0.0367463763287178,0.00832770566647192
"NM_007341.2",0.920529142865636,5.89351204981563,1.27609758563641,0.790425416840498,0.524569502035001,0.000857480206060519,0.000102163274795231,0.000316968630043059
"AI640162.1",0.652524308440247,0.399474017102115,10.1152237847704,4.2671756123241,4.10502201942838,0.029033261574374,0.0335081010422568,0.0152615547421907
"BX647598.1",0.620533662126535,8.14391030876306,-3.41279070069865,-1.35494167531863,-1.27850247312288,0.0279567777750711,0.040593079530603,0.0207030507542935
"BU618094.1",0.714453805891777,0.164503873435033,10.5925254557971,5.54798534538418,5.15240413681053,0.0442187701453961,0.0220312160416871,0.0111260745488953
"CD245153.1",0.689532444103793,1.8788191898533,17.2121319907549,6.304152636879,7.30227793691028,0.0203793136671373,0.0411346581634447,0.0083190981337155
"AK026280.1",0.687831377710322,-0.313371646771648,12.5782146408007,6.63059722895412,5.8350938809689,0.0471121930903439,0.0230942483005883,0.0149667161578927
"AI074369.1",0.71388169583499,-0.0620923329354783,12.3395051952995,5.96262997022576,5.54423646464935,0.0291419352481892,0.0194101643585929,0.00960767812965417
"R49412.1",0.706035333927576,-0.820255681312303,12.6270224509038,6.53736438337025,5.90567953958202,0.0404303911005784,0.0208563698888482,0.0119016213684163
"BF034652.1",0.850433584915396,4.70557066768799,4.28854307328612,1.41061951981014,1.81238766001406,0.00297385575763644,0.0145064431238342,0.00128080739410691
"AA885798.1",0.860069182748639,3.67129783587587,4.07336967428266,1.38574014056779,2.22806185581913,0.00850001332522344,0.0259819913528778,0.000743893007604004
"AI240572.1",0.700706013913549,-0.585911547006674,14.75278995843,6.40049369558806,6.13846761552986,0.0337893635167687,0.034163101236124,0.0167689028548488
"BY799852.1",0.672213850635964,-0.865358173863422,11.1038510692723,6.26936362739342,4.680641911632,0.0453829869671306,0.0164844464546683,0.0216246385377676
"NM_138400.1",0.684647704469893,0.792597904355455,10.7123678016954,5.38642258907088,4.81639786594523,0.0404583153086206,0.0235722121571909,0.0142502299962557
"AI341218.1",0.698483819501344,8.13582385069382,-2.34702062708587,-0.880752611331075,-0.771159729670716,0.0095883891301728,0.0191904638642716,0.0125538773817016
"AK024543.1",0.667653637318378,0.0155256834015506,15.8728958218339,6.68454740654263,6.96033550038317,0.033501324981073,0.03874308039482,0.0127102535491221
"AI754629.1",0.690727310191567,0.565936752181163,9.37917108021454,5.05895217555606,4.28765679503376,0.0453641776539290,0.0200650858576079,0.0152368073306006
"NM_172131.2",0.922910537507812,7.05388485565232,1.46243235056303,-0.752560150576422,1.08785977666434,0.0286764498457689,0.0144855965848311,0.000619940043297682
"AU147349.1",0.696233085687837,-0.333270729125286,12.6007270112815,6.543879076854,5.60655690016797,0.0371802125137054,0.0186988518605341,0.0134794041126039
